location,date,age_group_min,age_group_max,people_vaccinated_per_hundred,people_fully_vaccinated_per_hundred,people_with_booster_per_hundred
Spain,2021-01-08,0,4,0.0,0.0,0.0
Spain,2021-01-08,10,14,0.0,0.0,0.0
Spain,2021-01-08,15,17,0.0,0.0,0.0
Spain,2021-01-08,18,24,0.29,0.0,0.0
Spain,2021-01-08,25,49,0.81,0.0,0.0
Spain,2021-01-08,5,9,0.0,0.0,0.0
Spain,2021-01-08,50,59,1.03,0.0,0.0
Spain,2021-01-08,60,69,0.81,0.0,0.0
Spain,2021-01-08,70,79,0.71,0.0,0.0
Spain,2021-01-08,80,,4.68,0.0,0.0
Spain,2021-01-15,0,4,0.0,0.0,0.0
Spain,2021-01-15,10,14,0.0,0.0,0.0
Spain,2021-01-15,15,17,0.01,0.0,0.0
Spain,2021-01-15,18,24,0.75,0.0,0.0
Spain,2021-01-15,25,49,2.17,0.0,0.0
Spain,2021-01-15,5,9,0.0,0.0,0.0
Spain,2021-01-15,50,59,2.72,0.0,0.0
Spain,2021-01-15,60,69,2.05,0.0,0.0
Spain,2021-01-15,70,79,1.08,0.01,0.0
Spain,2021-01-15,80,,6.99,0.03,0.0
Spain,2021-01-22,0,4,0.0,0.0,0.0
Spain,2021-01-22,10,14,0.0,0.0,0.0
Spain,2021-01-22,15,17,0.01,0.0,0.0
Spain,2021-01-22,18,24,1.03,0.04,0.0
Spain,2021-01-22,25,49,2.88,0.14,0.0
Spain,2021-01-22,5,9,0.0,0.0,0.0
Spain,2021-01-22,50,59,3.64,0.2,0.0
Spain,2021-01-22,60,69,2.72,0.18,0.0
Spain,2021-01-22,70,79,1.22,0.19,0.0
Spain,2021-01-22,80,,7.75,1.23,0.0
Spain,2021-01-29,0,4,0.0,0.0,0.0
Spain,2021-01-29,10,14,0.0,0.0,0.0
Spain,2021-01-29,15,17,0.01,0.0,0.0
Spain,2021-01-29,18,24,1.15,0.24,0.0
Spain,2021-01-29,25,49,3.12,0.71,0.0
Spain,2021-01-29,5,9,0.0,0.0,0.0
Spain,2021-01-29,50,59,3.95,0.93,0.0
Spain,2021-01-29,60,69,2.94,0.75,0.0
Spain,2021-01-29,70,79,1.27,0.63,0.0
Spain,2021-01-29,80,,8.05,4.28,0.0
Spain,2021-02-05,0,4,0.0,0.0,0.0
Spain,2021-02-05,10,14,0.0,0.0,0.0
Spain,2021-02-05,15,17,0.02,0.0,0.0
Spain,2021-02-05,18,24,1.28,0.62,0.0
Spain,2021-02-05,25,49,3.32,1.9,0.0
Spain,2021-02-05,5,9,0.0,0.0,0.0
Spain,2021-02-05,50,59,4.18,2.41,0.0
Spain,2021-02-05,60,69,3.11,1.85,0.0
Spain,2021-02-05,70,79,1.33,0.98,0.0
Spain,2021-02-05,80,,8.35,6.42,0.0
Spain,2021-02-12,0,4,0.0,0.0,0.0
Spain,2021-02-12,10,14,0.0,0.0,0.0
Spain,2021-02-12,15,17,0.02,0.01,0.0
Spain,2021-02-12,18,24,1.55,0.94,0.0
Spain,2021-02-12,25,49,3.92,2.71,0.0
Spain,2021-02-12,5,9,0.0,0.0,0.0
Spain,2021-02-12,50,59,4.79,3.43,0.0
Spain,2021-02-12,60,69,3.49,2.59,0.0
Spain,2021-02-12,70,79,1.42,1.14,0.0
Spain,2021-02-12,80,,8.98,7.34,0.0
Spain,2021-02-19,0,4,0.0,0.0,0.0
Spain,2021-02-19,10,14,0.0,0.0,0.0
Spain,2021-02-19,15,17,0.03,0.01,0.0
Spain,2021-02-19,18,24,2.09,1.1,0.0
Spain,2021-02-19,25,49,4.76,3.02,0.0
Spain,2021-02-19,5,9,0.0,0.0,0.0
Spain,2021-02-19,50,59,5.68,3.84,0.0
Spain,2021-02-19,60,69,4.01,2.88,0.0
Spain,2021-02-19,70,79,1.65,1.21,0.0
Spain,2021-02-19,80,,14.26,7.73,0.0
Spain,2021-02-26,0,4,0.0,0.0,0.0
Spain,2021-02-26,10,14,0.0,0.0,0.0
Spain,2021-02-26,15,17,0.05,0.01,0.0
Spain,2021-02-26,18,24,2.73,1.2,0.0
Spain,2021-02-26,25,49,6.19,3.18,0.0
Spain,2021-02-26,5,9,0.0,0.0,0.0
Spain,2021-02-26,50,59,6.83,4.03,0.0
Spain,2021-02-26,60,69,4.55,3.01,0.0
Spain,2021-02-26,70,79,2.16,1.27,0.0
Spain,2021-02-26,80,,25.49,8.06,0.0
Spain,2021-03-05,0,4,0.0,0.0,0.0
Spain,2021-03-05,10,14,0.0,0.0,0.0
Spain,2021-03-05,15,17,0.07,0.02,0.0
Spain,2021-03-05,18,24,3.23,1.36,0.0
Spain,2021-03-05,25,49,7.73,3.54,0.0
Spain,2021-03-05,5,9,0.0,0.0,0.0
Spain,2021-03-05,50,59,7.93,4.45,0.0
Spain,2021-03-05,60,69,4.92,3.32,0.0
Spain,2021-03-05,70,79,2.67,1.35,0.0
Spain,2021-03-05,80,,39.09,8.68,0.0
Spain,2021-03-12,0,4,0.0,0.0,0.0
Spain,2021-03-12,10,14,0.0,0.0,0.0
Spain,2021-03-12,15,17,0.07,0.03,0.0
Spain,2021-03-12,18,24,3.84,1.67,0.0
Spain,2021-03-12,25,49,9.08,4.01,0.0
Spain,2021-03-12,5,9,0.0,0.0,0.0
Spain,2021-03-12,50,59,9.19,5.05,0.0
Spain,2021-03-12,60,69,5.1,3.88,0.0
Spain,2021-03-12,70,79,2.99,1.58,0.0
Spain,2021-03-12,80,,48.28,13.76,0.0
Spain,2021-03-19,0,4,0.0,0.0,0.0
Spain,2021-03-19,10,14,0.01,0.0,0.0
Spain,2021-03-19,15,17,0.08,0.05,0.0
Spain,2021-03-19,18,24,4.01,1.96,0.0
Spain,2021-03-19,25,49,9.3,4.37,0.0
Spain,2021-03-19,5,9,0.0,0.0,0.0
Spain,2021-03-19,50,59,9.41,5.55,0.0
Spain,2021-03-19,60,69,5.21,4.46,0.0
Spain,2021-03-19,70,79,3.16,2.05,0.0
Spain,2021-03-19,80,,54.67,23.85,0.0
Spain,2021-03-26,0,4,0.0,0.0,0.0
Spain,2021-03-26,10,14,0.01,0.0,0.0
Spain,2021-03-26,15,17,0.08,0.06,0.0
Spain,2021-03-26,18,24,4.73,2.11,0.0
Spain,2021-03-26,25,49,10.37,4.57,0.0
Spain,2021-03-26,5,9,0.0,0.0,0.0
Spain,2021-03-26,50,59,10.96,5.82,0.0
Spain,2021-03-26,60,69,8.08,4.82,0.0
Spain,2021-03-26,70,79,3.5,2.55,0.0
Spain,2021-03-26,80,,64.51,37.03,0.0
Spain,2021-04-02,0,4,0.0,0.0,0.0
Spain,2021-04-02,10,14,0.01,0.0,0.0
Spain,2021-04-02,15,17,0.09,0.06,0.0
Spain,2021-04-02,18,24,5.1,2.15,0.0
Spain,2021-04-02,25,49,10.99,4.63,0.0
Spain,2021-04-02,5,9,0.01,0.0,0.0
Spain,2021-04-02,50,59,11.91,5.92,0.0
Spain,2021-04-02,60,69,14.76,4.96,0.0
Spain,2021-04-02,70,79,5.07,2.82,0.0
Spain,2021-04-02,80,,79.63,44.83,0.0
Spain,2021-04-09,0,4,0.0,0.0,0.0
Spain,2021-04-09,10,14,0.01,0.0,0.0
Spain,2021-04-09,15,17,0.11,0.07,0.0
Spain,2021-04-09,18,24,5.4,2.21,0.0
Spain,2021-04-09,25,49,11.29,4.71,0.0
Spain,2021-04-09,5,9,0.01,0.0,0.0
Spain,2021-04-09,50,59,12.44,6.03,0.0
Spain,2021-04-09,60,69,26.95,5.11,0.0
Spain,2021-04-09,70,79,19.7,3.03,0.0
Spain,2021-04-09,80,,94.78,51.87,0.0
Spain,2021-04-16,0,4,0.0,0.0,0.0
Spain,2021-04-16,10,14,0.01,0.0,0.0
Spain,2021-04-16,15,17,0.12,0.07,0.0
Spain,2021-04-16,18,24,5.5,2.28,0.0
Spain,2021-04-16,25,49,11.44,4.79,0.0
Spain,2021-04-16,5,9,0.01,0.0,0.0
Spain,2021-04-16,50,59,12.73,6.13,0.0
Spain,2021-04-16,60,69,37.57,5.26,0.0
Spain,2021-04-16,70,79,44.13,3.3,0.0
Spain,2021-04-16,80,,98.45,60.98,0.0
Spain,2021-04-23,0,4,0.0,0.0,0.0
Spain,2021-04-23,10,14,0.01,0.0,0.0
Spain,2021-04-23,15,17,0.13,0.08,0.0
Spain,2021-04-23,18,24,5.61,2.33,0.0
Spain,2021-04-23,25,49,11.62,4.85,0.0
Spain,2021-04-23,5,9,0.01,0.0,0.0
Spain,2021-04-23,50,59,13.09,6.23,0.0
Spain,2021-04-23,60,69,45.62,5.49,0.0
Spain,2021-04-23,70,79,65.25,5.03,0.0
Spain,2021-04-23,80,,99.86,76.7,0.0
Spain,2021-04-30,0,4,0.0,0.0,0.0
Spain,2021-04-30,10,14,0.01,0.0,0.0
Spain,2021-04-30,15,17,0.15,0.09,0.0
Spain,2021-04-30,18,24,5.74,2.4,0.0
Spain,2021-04-30,25,49,11.8,4.94,0.0
Spain,2021-04-30,5,9,0.01,0.0,0.0
Spain,2021-04-30,50,59,13.43,6.35,0.0
Spain,2021-04-30,60,69,55.83,6.36,0.0
Spain,2021-04-30,70,79,83.79,20.7,0.0
Spain,2021-04-30,80,,100.65,92.89,0.0
Spain,2021-05-07,0,4,0.01,0.0,0.0
Spain,2021-05-07,10,14,0.01,0.0,0.0
Spain,2021-05-07,15,17,0.16,0.1,0.0
Spain,2021-05-07,18,24,5.96,2.49,0.0
Spain,2021-05-07,25,49,12.07,5.08,0.0
Spain,2021-05-07,5,9,0.01,0.0,0.0
Spain,2021-05-07,50,59,15.94,6.54,0.0
Spain,2021-05-07,60,69,75.0,7.01,0.0
Spain,2021-05-07,70,79,92.56,43.99,0.0
Spain,2021-05-07,80,,101.16,97.26,0.0
Spain,2021-05-14,0,4,0.01,0.0,0.0
Spain,2021-05-14,10,14,0.01,0.01,0.0
Spain,2021-05-14,15,17,0.18,0.12,0.0
Spain,2021-05-14,18,24,6.28,2.59,0.0
Spain,2021-05-14,25,49,12.54,5.29,0.0
Spain,2021-05-14,5,9,0.02,0.0,0.0
Spain,2021-05-14,50,59,27.35,7.03,0.0
Spain,2021-05-14,60,69,84.66,7.67,0.0
Spain,2021-05-14,70,79,95.23,65.2,0.0
Spain,2021-05-14,80,,101.55,98.88,0.0
Spain,2021-05-21,0,4,0.01,0.0,0.0
Spain,2021-05-21,10,14,0.02,0.01,0.0
Spain,2021-05-21,15,17,0.21,0.13,0.0
Spain,2021-05-21,18,24,6.7,2.73,0.0
Spain,2021-05-21,25,49,13.06,5.5,0.0
Spain,2021-05-21,5,9,0.02,0.01,0.0
Spain,2021-05-21,50,59,43.71,8.36,0.0
Spain,2021-05-21,60,69,87.96,9.97,0.0
Spain,2021-05-21,70,79,96.38,82.28,0.0
Spain,2021-05-21,80,,101.83,99.63,0.0
Spain,2021-05-28,0,4,0.01,0.0,0.0
Spain,2021-05-28,10,14,0.02,0.01,0.0
Spain,2021-05-28,15,17,0.22,0.14,0.0
Spain,2021-05-28,18,24,6.95,3.12,0.0
Spain,2021-05-28,25,49,13.52,6.38,0.0
Spain,2021-05-28,5,9,0.02,0.01,0.0
Spain,2021-05-28,50,59,59.24,11.83,0.0
Spain,2021-05-28,60,69,89.7,16.11,0.0
Spain,2021-05-28,70,79,97.05,91.35,0.0
Spain,2021-05-28,80,,102.02,100.13,0.0
Spain,2021-06-04,0,4,0.01,0.0,0.0
Spain,2021-06-04,10,14,0.02,0.01,0.0
Spain,2021-06-04,15,17,0.25,0.16,0.0
Spain,2021-06-04,18,24,7.24,3.95,0.0
Spain,2021-06-04,25,49,15.33,8.5,0.0
Spain,2021-06-04,5,9,0.02,0.01,0.0
Spain,2021-06-04,50,59,75.86,23.27,0.0
Spain,2021-06-04,60,69,91.01,21.82,0.0
Spain,2021-06-04,70,79,97.41,94.36,0.0
Spain,2021-06-04,80,,102.16,100.49,0.01
Spain,2021-06-11,0,4,0.01,0.01,0.0
Spain,2021-06-11,10,14,0.03,0.01,0.0
Spain,2021-06-11,15,17,0.28,0.19,0.0
Spain,2021-06-11,18,24,7.54,4.78,0.0
Spain,2021-06-11,25,49,22.39,10.75,0.0
Spain,2021-06-11,5,9,0.02,0.01,0.0
Spain,2021-06-11,50,59,84.03,39.62,0.0
Spain,2021-06-11,60,69,92.18,25.28,0.0
Spain,2021-06-11,70,79,97.68,95.74,0.0
Spain,2021-06-11,80,,102.29,100.77,0.01
Spain,2021-06-18,0,4,0.01,0.01,0.0
Spain,2021-06-18,10,14,0.05,0.01,0.0
Spain,2021-06-18,15,17,0.34,0.21,0.0
Spain,2021-06-18,18,24,7.88,5.69,0.0
Spain,2021-06-18,25,49,31.71,12.68,0.0
Spain,2021-06-18,5,9,0.02,0.01,0.0
Spain,2021-06-18,50,59,86.89,54.14,0.0
Spain,2021-06-18,60,69,93.26,30.07,0.0
Spain,2021-06-18,70,79,97.87,96.46,0.0
Spain,2021-06-18,80,,102.38,100.97,0.01
Spain,2021-06-25,0,4,0.01,0.01,0.0
Spain,2021-06-25,10,14,0.06,0.01,0.0
Spain,2021-06-25,15,17,0.42,0.23,0.0
Spain,2021-06-25,18,24,8.32,6.46,0.0
Spain,2021-06-25,25,49,40.6,15.57,0.0
Spain,2021-06-25,5,9,0.02,0.01,0.0
Spain,2021-06-25,50,59,88.28,70.79,0.0
Spain,2021-06-25,60,69,93.97,41.15,0.0
Spain,2021-06-25,70,79,98.0,96.84,0.0
Spain,2021-06-25,80,,102.45,101.1,0.01
Spain,2021-07-02,0,4,0.01,0.01,0.0
Spain,2021-07-02,10,14,0.09,0.02,0.0
Spain,2021-07-02,15,17,0.87,0.26,0.0
Spain,2021-07-02,18,24,9.67,7.15,0.0
Spain,2021-07-02,25,49,49.86,22.2,0.0
Spain,2021-07-02,5,9,0.02,0.02,0.0
Spain,2021-07-02,50,59,89.51,79.41,0.0
Spain,2021-07-02,60,69,94.67,54.04,0.0
Spain,2021-07-02,70,79,98.14,97.14,0.01
Spain,2021-07-02,80,,102.52,101.22,0.01
Spain,2021-07-09,0,4,0.01,0.01,0.0
Spain,2021-07-09,10,14,0.13,0.04,0.0
Spain,2021-07-09,15,17,2.64,0.32,0.0
Spain,2021-07-09,18,24,13.66,7.85,0.0
Spain,2021-07-09,25,49,57.14,30.45,0.0
Spain,2021-07-09,5,9,0.02,0.02,0.0
Spain,2021-07-09,50,59,90.34,82.42,0.0
Spain,2021-07-09,60,69,95.26,69.47,0.0
Spain,2021-07-09,70,79,98.24,97.34,0.01
Spain,2021-07-09,80,,102.58,101.3,0.01
Spain,2021-07-16,0,4,0.01,0.01,0.0
Spain,2021-07-16,10,14,0.17,0.05,0.0
Spain,2021-07-16,15,17,4.17,0.39,0.0
Spain,2021-07-16,18,24,20.14,8.58,0.0
Spain,2021-07-16,25,49,63.67,38.53,0.0
Spain,2021-07-16,5,9,0.02,0.02,0.0
Spain,2021-07-16,50,59,91.01,84.07,0.0
Spain,2021-07-16,60,69,95.8,79.89,0.0
Spain,2021-07-16,70,79,98.33,97.5,0.01
Spain,2021-07-16,80,,102.63,101.37,0.01
Spain,2021-07-23,0,4,0.02,0.01,0.0
Spain,2021-07-23,10,14,0.26,0.07,0.0
Spain,2021-07-23,15,17,7.0,0.74,0.0
Spain,2021-07-23,18,24,29.87,9.68,0.0
Spain,2021-07-23,25,49,69.12,46.35,0.0
Spain,2021-07-23,5,9,0.02,0.02,0.0
Spain,2021-07-23,50,59,91.64,85.28,0.0
Spain,2021-07-23,60,69,96.24,85.97,0.0
Spain,2021-07-23,70,79,98.41,97.66,0.01
Spain,2021-07-23,80,,102.68,101.44,0.01
Spain,2021-07-30,0,4,0.02,0.01,0.0
Spain,2021-07-30,10,14,1.14,0.11,0.0
Spain,2021-07-30,15,17,14.79,2.21,0.0
Spain,2021-07-30,18,24,43.06,12.08,0.0
Spain,2021-07-30,25,49,73.55,52.0,0.0
Spain,2021-07-30,5,9,0.02,0.02,0.0
Spain,2021-07-30,50,59,92.1,85.94,0.0
Spain,2021-07-30,60,69,96.6,89.29,0.0
Spain,2021-07-30,70,79,98.48,97.77,0.01
Spain,2021-07-30,80,,102.73,101.5,0.01
Spain,2021-08-06,0,4,0.02,0.01,0.0
Spain,2021-08-06,10,14,5.16,0.15,0.0
Spain,2021-08-06,15,17,29.56,3.55,0.0
Spain,2021-08-06,18,24,55.13,14.84,0.0
Spain,2021-08-06,25,49,76.53,57.36,0.0
Spain,2021-08-06,5,9,0.02,0.02,0.0
Spain,2021-08-06,50,59,92.55,86.4,0.0
Spain,2021-08-06,60,69,96.97,90.71,0.0
Spain,2021-08-06,70,79,98.55,97.85,0.01
Spain,2021-08-06,80,,102.77,101.54,0.01
Spain,2021-08-13,0,4,0.02,0.01,0.0
Spain,2021-08-13,10,14,14.87,0.22,0.0
Spain,2021-08-13,15,17,51.63,5.65,0.0
Spain,2021-08-13,18,24,67.29,21.19,0.0
Spain,2021-08-13,25,49,78.31,62.15,0.0
Spain,2021-08-13,5,9,0.03,0.02,0.0
Spain,2021-08-13,50,59,93.0,86.7,0.0
Spain,2021-08-13,60,69,97.3,91.53,0.0
Spain,2021-08-13,70,79,98.62,97.92,0.01
Spain,2021-08-13,80,,102.82,101.59,0.01
Spain,2021-08-20,0,4,0.02,0.01,0.0
Spain,2021-08-20,10,14,27.14,0.81,0.0
Spain,2021-08-20,15,17,66.05,11.15,0.0
Spain,2021-08-20,18,24,71.94,32.94,0.0
Spain,2021-08-20,25,49,79.53,66.24,0.0
Spain,2021-08-20,5,9,0.03,0.02,0.0
Spain,2021-08-20,50,59,93.43,86.93,0.0
Spain,2021-08-20,60,69,97.68,92.03,0.0
Spain,2021-08-20,70,79,98.7,97.98,0.01
Spain,2021-08-20,80,,102.87,101.63,0.01
Spain,2021-08-27,0,4,0.02,0.01,0.0
Spain,2021-08-27,10,14,35.77,3.94,0.0
Spain,2021-08-27,15,17,75.8,23.2,0.0
Spain,2021-08-27,18,24,74.83,45.02,0.0
Spain,2021-08-27,25,49,80.62,69.24,0.0
Spain,2021-08-27,5,9,0.03,0.02,0.0
Spain,2021-08-27,50,59,93.8,87.18,0.0
Spain,2021-08-27,60,69,97.91,92.52,0.0
Spain,2021-08-27,70,79,98.75,98.05,0.01
Spain,2021-08-27,80,,102.9,101.67,0.01
Spain,2021-09-03,0,4,0.02,0.02,0.0
Spain,2021-09-03,10,14,40.5,12.04,0.0
Spain,2021-09-03,15,17,81.44,43.31,0.0
Spain,2021-09-03,18,24,77.73,57.01,0.0
Spain,2021-09-03,25,49,81.55,71.19,0.0
Spain,2021-09-03,5,9,0.03,0.02,0.0
Spain,2021-09-03,50,59,94.13,87.45,0.0
Spain,2021-09-03,60,69,98.11,92.93,0.0
Spain,2021-09-03,70,79,98.8,98.11,0.01
Spain,2021-09-03,80,,102.93,101.72,0.01
Spain,2021-09-10,0,4,0.03,0.02,0.0
Spain,2021-09-10,10,14,43.31,23.07,0.0
Spain,2021-09-10,15,17,84.98,56.55,0.0
Spain,2021-09-10,18,24,79.95,61.85,0.0
Spain,2021-09-10,25,49,82.3,72.31,0.0
Spain,2021-09-10,5,9,0.03,0.02,0.0
Spain,2021-09-10,50,59,94.39,87.65,0.01
Spain,2021-09-10,60,69,98.28,93.32,0.02
Spain,2021-09-10,70,79,98.85,98.18,0.02
Spain,2021-09-10,80,,102.97,101.76,0.01
Spain,2021-09-17,0,4,0.03,0.02,0.0
Spain,2021-09-17,10,14,44.54,31.35,0.0
Spain,2021-09-17,15,17,86.66,66.3,0.0
Spain,2021-09-17,18,24,81.44,64.34,0.01
Spain,2021-09-17,25,49,82.88,73.13,0.02
Spain,2021-09-17,5,9,0.03,0.02,0.0
Spain,2021-09-17,50,59,94.57,87.81,0.07
Spain,2021-09-17,60,69,98.41,93.56,0.1
Spain,2021-09-17,70,79,98.89,98.24,0.13
Spain,2021-09-17,80,,102.99,101.79,0.1
Spain,2021-09-24,0,4,0.03,0.02,0.0
Spain,2021-09-24,10,14,45.33,35.67,0.0
Spain,2021-09-24,15,17,87.66,71.03,0.01
Spain,2021-09-24,18,24,82.52,66.17,0.02
Spain,2021-09-24,25,49,83.31,73.8,0.05
Spain,2021-09-24,5,9,0.03,0.02,0.0
Spain,2021-09-24,50,59,94.71,87.95,0.16
Spain,2021-09-24,60,69,98.51,93.79,0.33
Spain,2021-09-24,70,79,98.92,98.28,0.68
Spain,2021-09-24,80,,103.02,101.83,3.1
Spain,2021-10-01,0,4,0.03,0.02,0.0
Spain,2021-10-01,10,14,45.88,38.31,0.01
Spain,2021-10-01,15,17,88.32,73.85,0.02
Spain,2021-10-01,18,24,83.26,67.5,0.03
Spain,2021-10-01,25,49,83.62,74.36,0.09
Spain,2021-10-01,5,9,0.03,0.03,0.0
Spain,2021-10-01,50,59,94.8,88.07,0.28
Spain,2021-10-01,60,69,98.57,93.95,0.57
Spain,2021-10-01,70,79,98.94,98.33,1.19
Spain,2021-10-01,80,,103.04,101.86,5.7
Spain,2021-10-08,0,4,0.03,0.02,0.0
Spain,2021-10-08,10,14,46.28,39.4,0.01
Spain,2021-10-08,15,17,88.81,75.04,0.02
Spain,2021-10-08,18,24,83.86,68.29,0.04
Spain,2021-10-08,25,49,83.87,74.72,0.13
Spain,2021-10-08,5,9,0.03,0.03,0.0
Spain,2021-10-08,50,59,94.88,88.16,0.4
Spain,2021-10-08,60,69,98.62,94.07,0.79
Spain,2021-10-08,70,79,98.96,98.37,1.56
Spain,2021-10-08,80,,103.06,101.89,7.26
Spain,2021-10-15,0,4,0.03,0.02,0.0
Spain,2021-10-15,10,14,46.62,40.09,0.01
Spain,2021-10-15,15,17,89.17,75.72,0.03
Spain,2021-10-15,18,24,84.32,68.85,0.05
Spain,2021-10-15,25,49,84.06,75.0,0.17
Spain,2021-10-15,5,9,0.03,0.03,0.0
Spain,2021-10-15,50,59,94.94,88.24,0.5
Spain,2021-10-15,60,69,98.66,94.16,0.93
Spain,2021-10-15,70,79,98.98,98.4,1.81
Spain,2021-10-15,80,,103.07,101.91,7.93
Spain,2021-10-22,0,4,0.03,0.02,0.0
Spain,2021-10-22,10,14,46.99,40.62,0.01
Spain,2021-10-22,15,17,89.54,76.22,0.04
Spain,2021-10-22,18,24,84.75,69.33,0.08
Spain,2021-10-22,25,49,84.27,75.26,0.23
Spain,2021-10-22,5,9,0.03,0.03,0.0
Spain,2021-10-22,50,59,95.0,88.31,0.62
Spain,2021-10-22,60,69,98.71,94.24,1.12
Spain,2021-10-22,70,79,99.0,98.43,2.82
Spain,2021-10-22,80,,103.08,101.94,11.62
Spain,2021-10-29,0,4,0.03,0.02,0.0
Spain,2021-10-29,10,14,47.35,41.0,0.02
Spain,2021-10-29,15,17,89.85,76.57,0.05
Spain,2021-10-29,18,24,85.12,69.69,0.09
Spain,2021-10-29,25,49,84.45,75.47,0.27
Spain,2021-10-29,5,9,0.03,0.03,0.0
Spain,2021-10-29,50,59,95.06,88.37,0.72
Spain,2021-10-29,60,69,98.75,94.31,1.27
Spain,2021-10-29,70,79,99.02,98.45,5.61
Spain,2021-10-29,80,,103.1,101.97,23.83
Spain,2021-11-05,0,4,0.03,0.02,0.0
Spain,2021-11-05,10,14,47.64,41.28,0.02
Spain,2021-11-05,15,17,90.07,76.79,0.07
Spain,2021-11-05,18,24,85.38,69.95,0.1
Spain,2021-11-05,25,49,84.59,75.61,0.3
Spain,2021-11-05,5,9,0.03,0.03,0.0
Spain,2021-11-05,50,59,95.1,88.42,0.79
Spain,2021-11-05,60,69,98.78,94.36,1.37
Spain,2021-11-05,70,79,99.03,98.47,11.6
Spain,2021-11-05,80,,103.11,102.0,37.92
Spain,2021-11-12,0,4,0.03,0.02,0.0
Spain,2021-11-12,10,14,47.99,41.56,0.03
Spain,2021-11-12,15,17,90.32,77.03,0.07
Spain,2021-11-12,18,24,85.67,70.22,0.11
Spain,2021-11-12,25,49,84.75,75.77,0.33
Spain,2021-11-12,5,9,0.03,0.03,0.0
Spain,2021-11-12,50,59,95.16,88.48,0.85
Spain,2021-11-12,60,69,98.82,94.42,1.48
Spain,2021-11-12,70,79,99.06,98.5,23.86
Spain,2021-11-12,80,,103.13,102.03,54.33
Spain,2021-11-19,0,4,0.03,0.02,0.0
Spain,2021-11-19,10,14,48.37,41.86,0.03
Spain,2021-11-19,15,17,90.59,77.26,0.08
Spain,2021-11-19,18,24,86.01,70.51,0.12
Spain,2021-11-19,25,49,84.95,75.95,0.35
Spain,2021-11-19,5,9,0.03,0.03,0.0
Spain,2021-11-19,50,59,95.23,88.56,0.91
Spain,2021-11-19,60,69,98.87,94.49,1.57
Spain,2021-11-19,70,79,99.1,98.53,39.42
Spain,2021-11-19,80,,103.16,102.06,65.44
Spain,2021-11-26,0,4,0.03,0.02,0.0
Spain,2021-11-26,10,14,48.81,42.12,0.03
Spain,2021-11-26,15,17,90.93,77.45,0.09
Spain,2021-11-26,18,24,86.46,70.77,0.15
Spain,2021-11-26,25,49,85.24,76.12,0.43
Spain,2021-11-26,5,9,0.03,0.03,0.0
Spain,2021-11-26,50,59,95.34,88.64,1.05
Spain,2021-11-26,60,69,98.96,94.57,1.85
Spain,2021-11-26,70,79,99.15,98.56,55.84
Spain,2021-11-26,80,,103.2,102.08,72.34
Spain,2021-12-03,0,4,0.04,0.02,0.0
Spain,2021-12-03,10,14,49.34,42.41,0.03
Spain,2021-12-03,15,17,91.39,77.67,0.09
Spain,2021-12-03,18,24,87.06,71.07,0.21
Spain,2021-12-03,25,49,85.6,76.32,0.51
Spain,2021-12-03,5,9,0.03,0.03,0.0
Spain,2021-12-03,50,59,95.48,88.76,1.19
Spain,2021-12-03,60,69,99.09,94.84,2.0
Spain,2021-12-03,70,79,99.22,98.58,67.45
Spain,2021-12-03,80,,103.24,102.1,77.76
Spain,2021-12-10,0,4,0.04,0.02,0.0
Spain,2021-12-10,10,14,49.72,42.68,0.03
Spain,2021-12-10,15,17,91.72,77.85,0.1
Spain,2021-12-10,18,24,87.5,71.34,0.25
Spain,2021-12-10,25,49,85.86,76.51,0.56
Spain,2021-12-10,5,9,0.03,0.03,0.0
Spain,2021-12-10,50,59,95.57,88.89,1.27
Spain,2021-12-10,60,69,99.18,95.05,2.11
Spain,2021-12-10,70,79,99.26,98.6,71.88
Spain,2021-12-10,80,,103.27,102.11,79.79
Spain,2021-12-17,0,4,0.04,0.02,0.0
Spain,2021-12-17,10,14,61.8,43.0,0.04
Spain,2021-12-17,15,17,92.18,78.08,0.1
Spain,2021-12-17,18,24,88.08,71.68,0.33
Spain,2021-12-17,25,49,86.19,76.75,0.63
Spain,2021-12-17,5,9,6.53,0.03,0.0
Spain,2021-12-17,50,59,95.69,89.08,1.41
Spain,2021-12-17,60,69,99.3,95.36,2.27
Spain,2021-12-17,70,79,99.33,98.64,78.74
Spain,2021-12-17,80,,103.32,102.14,83.22
Spain,2021-12-24,0,4,0.04,0.02,0.0
Spain,2021-12-24,10,14,69.83,43.28,0.04
Spain,2021-12-24,15,17,92.58,78.29,0.11
Spain,2021-12-24,18,24,88.61,72.05,0.37
Spain,2021-12-24,25,49,86.46,76.97,0.68
Spain,2021-12-24,5,9,13.2,0.03,0.0
Spain,2021-12-24,50,59,95.79,89.27,1.63
Spain,2021-12-24,60,69,99.39,95.53,2.35
Spain,2021-12-24,70,79,99.38,98.66,82.1
Spain,2021-12-24,80,,103.35,102.16,85.07
Spain,2021-12-31,0,4,0.04,0.02,0.0
Spain,2021-12-31,10,14,72.67,43.5,0.04
Spain,2021-12-31,15,17,92.86,78.46,0.11
Spain,2021-12-31,18,24,88.96,72.34,0.39
Spain,2021-12-31,25,49,86.64,77.14,0.72
Spain,2021-12-31,5,9,17.75,0.03,0.0
Spain,2021-12-31,50,59,95.87,89.5,1.83
Spain,2021-12-31,60,69,99.45,95.63,2.4
Spain,2021-12-31,70,79,99.41,98.68,83.86
Spain,2021-12-31,80,,103.38,102.18,86.02
Spain,2022-01-07,0,4,0.04,0.02,0.0
Spain,2022-01-07,10,14,75.97,43.74,0.04
Spain,2022-01-07,15,17,93.08,78.66,0.11
Spain,2022-01-07,18,24,89.19,72.62,0.4
Spain,2022-01-07,25,49,86.78,77.34,0.75
Spain,2022-01-07,5,9,24.23,0.03,0.0
Spain,2022-01-07,50,59,95.94,89.75,1.93
Spain,2022-01-07,60,69,99.5,95.76,2.44
Spain,2022-01-07,70,79,99.44,98.71,85.06
Spain,2022-01-07,80,,103.4,102.2,86.62
Spain,2022-01-14,0,4,0.04,0.02,0.0
Spain,2022-01-14,10,14,76.82,43.86,0.04
Spain,2022-01-14,15,17,93.16,78.74,0.11
Spain,2022-01-14,18,24,89.28,72.73,0.41
Spain,2022-01-14,25,49,86.84,77.44,0.77
Spain,2022-01-14,5,9,26.5,0.03,0.0
Spain,2022-01-14,50,59,95.97,89.88,1.99
Spain,2022-01-14,60,69,99.52,95.82,2.45
Spain,2022-01-14,70,79,99.45,98.72,85.65
Spain,2022-01-14,80,,103.41,102.21,86.92
